Time Frame,Ratings Provider,Date,Channel,Program,Audience Share Rating,Source Article (PEP),
Morning,AGB Nielsen,1/1/2015,GMA Network,Doraemon,4.5,http://www.pep.ph/guide/agb/15603/agb-nielsen-mega-manila-household-ratings-jan-1-9-2015-strawberry-lane-and-hiram-na-alaala-finish-stronglythe-ryzza-mae-show-beats-mini-series-of-gerald-maja--kc-paulo,
Morning,AGB Nielsen,1/1/2015,GMA Network,Pokemon,4.7,http://www.pep.ph/guide/agb/15603/agb-nielsen-mega-manila-household-ratings-jan-1-9-2015-strawberry-lane-and-hiram-na-alaala-finish-stronglythe-ryzza-mae-show-beats-mini-series-of-gerald-maja--kc-paulo,
Morning,AGB Nielsen,1/1/2015,GMA Network,One Piece,7,http://www.pep.ph/guide/agb/15603/agb-nielsen-mega-manila-household-ratings-jan-1-9-2015-strawberry-lane-and-hiram-na-alaala-finish-stronglythe-ryzza-mae-show-beats-mini-series-of-gerald-maja--kc-paulo,
Morning,AGB Nielsen,1/1/2015,GMA Network,Bleach,7.6,http://www.pep.ph/guide/agb/15603/agb-nielsen-mega-manila-household-ratings-jan-1-9-2015-strawberry-lane-and-hiram-na-alaala-finish-stronglythe-ryzza-mae-show-beats-mini-series-of-gerald-maja--kc-paulo,
Morning,AGB Nielsen,1/1/2015,GMA Network,Ghost Fighter,8.9,http://www.pep.ph/guide/agb/15603/agb-nielsen-mega-manila-household-ratings-jan-1-9-2015-strawberry-lane-and-hiram-na-alaala-finish-stronglythe-ryzza-mae-show-beats-mini-series-of-gerald-maja--kc-paulo,
Morning,AGB Nielsen,1/1/2015,GMA Network,Shaman King,9.1,http://www.pep.ph/guide/agb/15603/agb-nielsen-mega-manila-household-ratings-jan-1-9-2015-strawberry-lane-and-hiram-na-alaala-finish-stronglythe-ryzza-mae-show-beats-mini-series-of-gerald-maja--kc-paulo,
Morning,AGB Nielsen,1/1/2015,GMA Network,Hunter x Hunter,9.5,http://www.pep.ph/guide/agb/15603/agb-nielsen-mega-manila-household-ratings-jan-1-9-2015-strawberry-lane-and-hiram-na-alaala-finish-stronglythe-ryzza-mae-show-beats-mini-series-of-gerald-maja-kc-paulo/1/2,
Morning,AGB Nielsen,1/2/2015,GMA Network,Doraemon,5.1,http://www.pep.ph/guide/agb/15603/agb-nielsen-mega-manila-household-ratings-jan-1-9-2015-strawberry-lane-and-hiram-na-alaala-finish-stronglythe-ryzza-mae-show-beats-mini-series-of-gerald-maja-kc-paulo/1/2,
Morning,AGB Nielsen,1/2/2015,GMA Network,Pokemon,5.5,http://www.pep.ph/guide/agb/15603/agb-nielsen-mega-manila-household-ratings-jan-1-9-2015-strawberry-lane-and-hiram-na-alaala-finish-stronglythe-ryzza-mae-show-beats-mini-series-of-gerald-maja-kc-paulo/1/3,
Morning,AGB Nielsen,1/2/2015,GMA Network,One Piece,8.2,http://www.pep.ph/guide/agb/15603/agb-nielsen-mega-manila-household-ratings-jan-1-9-2015-strawberry-lane-and-hiram-na-alaala-finish-stronglythe-ryzza-mae-show-beats-mini-series-of-gerald-maja-kc-paulo/1/3,
Morning,AGB Nielsen,1/2/2015,GMA Network,Bleach,8.6,http://www.pep.ph/guide/agb/15603/agb-nielsen-mega-manila-household-ratings-jan-1-9-2015-strawberry-lane-and-hiram-na-alaala-finish-stronglythe-ryzza-mae-show-beats-mini-series-of-gerald-maja-kc-paulo/1/3,
Morning,AGB Nielsen,1/2/2015,GMA Network,Ghost Fighter,10.1,http://www.pep.ph/guide/agb/15603/agb-nielsen-mega-manila-household-ratings-jan-1-9-2015-strawberry-lane-and-hiram-na-alaala-finish-stronglythe-ryzza-mae-show-beats-mini-series-of-gerald-maja-kc-paulo/1/3,
Morning,AGB Nielsen,1/1/2015,ABS-CBN,Adventures of Tom Sawyer,3.6,http://www.pep.ph/guide/agb/15603/agb-nielsen-mega-manila-household-ratings-jan-1-9-2015-strawberry-lane-and-hiram-na-alaala-finish-stronglythe-ryzza-mae-show-beats-mini-series-of-gerald-maja-kc-paulo/1/1,
Morning,AGB Nielsen,1/2/2015,ABS-CBN,Adventures of Tom Sawyer,5.3,http://www.pep.ph/guide/agb/15603/agb-nielsen-mega-manila-household-ratings-jan-1-9-2015-strawberry-lane-and-hiram-na-alaala-finish-stronglythe-ryzza-mae-show-beats-mini-series-of-gerald-maja-kc-paulo/1/3#focus,
Morning,AGB Nielsen,1/2/2015,GMA Network,Shaman King,9.1,http://www.pep.ph/guide/agb/15603/agb-nielsen-mega-manila-household-ratings-jan-1-9-2015-strawberry-lane-and-hiram-na-alaala-finish-stronglythe-ryzza-mae-show-beats-mini-series-of-gerald-maja-kc-paulo/1/3,
Morning,AGB Nielsen,1/2/2015,GMA Network,Hunter x Hunter,11.2,http://www.pep.ph/guide/agb/15603/agb-nielsen-mega-manila-household-ratings-jan-1-9-2015-strawberry-lane-and-hiram-na-alaala-finish-stronglythe-ryzza-mae-show-beats-mini-series-of-gerald-maja-kc-paulo/1/3,
Morning,AGB Nielsen,1/3/2015,GMA Network,Monsuno,5.9,http://www.pep.ph/guide/agb/15603/agb-nielsen-mega-manila-household-ratings-jan-1-9-2015-strawberry-lane-and-hiram-na-alaala-finish-stronglythe-ryzza-mae-show-beats-mini-series-of-gerald-maja-kc-paulo/1/4,
Morning,AGB Nielsen,1/4/2015,GMA Network,Monsuno,5.6,http://www.pep.ph/guide/agb/15603/agb-nielsen-mega-manila-household-ratings-jan-1-9-2015-strawberry-lane-and-hiram-na-alaala-finish-stronglythe-ryzza-mae-show-beats-mini-series-of-gerald-maja-kc-paulo/1/6,
Morning,AGB Nielsen,1/4/2015,GMA Network,Grimm's Fairy Tales,3.9,http://www.pep.ph/guide/agb/15603/agb-nielsen-mega-manila-household-ratings-jan-1-9-2015-strawberry-lane-and-hiram-na-alaala-finish-stronglythe-ryzza-mae-show-beats-mini-series-of-gerald-maja-kc-paulo/1/6#,
Morning,AGB Nielsen,1/5/2015,GMA Network,Doraemon,5.2,http://www.pep.ph/guide/agb/15603/agb-nielsen-mega-manila-household-ratings-jan-1-9-2015-strawberry-lane-and-hiram-na-alaala-finish-stronglythe-ryzza-mae-show-beats-mini-series-of-gerald-maja-kc-paulo/1/7,
Morning,AGB Nielsen,1/5/2015,GMA Network,Pokemon,5.9,http://www.pep.ph/guide/agb/15603/agb-nielsen-mega-manila-household-ratings-jan-1-9-2015-strawberry-lane-and-hiram-na-alaala-finish-stronglythe-ryzza-mae-show-beats-mini-series-of-gerald-maja-kc-paulo/1/7,
Morning,AGB Nielsen,1/5/2015,GMA Network,One Piece,7.3,http://www.pep.ph/guide/agb/15603/agb-nielsen-mega-manila-household-ratings-jan-1-9-2015-strawberry-lane-and-hiram-na-alaala-finish-stronglythe-ryzza-mae-show-beats-mini-series-of-gerald-maja-kc-paulo/1/7,
Morning,AGB Nielsen,1/4/2015,GMA Network,Superhero Sunday: One Piece Strong World,10.7,http://www.pep.ph/guide/agb/15603/agb-nielsen-mega-manila-household-ratings-jan-1-9-2015-strawberry-lane-and-hiram-na-alaala-finish-stronglythe-ryzza-mae-show-beats-mini-series-of-gerald-maja-kc-paulo/1/6#focus,
Morning,AGB Nielsen,1/4/2015,ABS-CBN,Kapamilya Blockbusters: Dragon Ball Z Battle of the Gods,9.9,http://www.pep.ph/guide/agb/15603/agb-nielsen-mega-manila-household-ratings-jan-1-9-2015-strawberry-lane-and-hiram-na-alaala-finish-stronglythe-ryzza-mae-show-beats-mini-series-of-gerald-maja-kc-paulo/1/6#focus,
Morning,AGB Nielsen,1/5/2015,GMA Network,Bleach,9.7,http://www.pep.ph/guide/agb/15603/agb-nielsen-mega-manila-household-ratings-jan-1-9-2015-strawberry-lane-and-hiram-na-alaala-finish-stronglythe-ryzza-mae-show-beats-mini-series-of-gerald-maja-kc-paulo/1/7#focus,
Morning,AGB Nielsen,1/5/2015,GMA Network,Ghost Fighter,7.9,http://www.pep.ph/guide/agb/15603/agb-nielsen-mega-manila-household-ratings-jan-1-9-2015-strawberry-lane-and-hiram-na-alaala-finish-stronglythe-ryzza-mae-show-beats-mini-series-of-gerald-maja-kc-paulo/1/7#focus,
Morning,AGB Nielsen,1/5/2015,GMA Network,Fairy Tail,8.6,http://www.pep.ph/guide/agb/15603/agb-nielsen-mega-manila-household-ratings-jan-1-9-2015-strawberry-lane-and-hiram-na-alaala-finish-stronglythe-ryzza-mae-show-beats-mini-series-of-gerald-maja-kc-paulo/1/7#focus,
Morning,AGB Nielsen,1/5/2015,ABS-CBN,A Dog of Flanders,5.1,http://www.pep.ph/guide/agb/15603/agb-nielsen-mega-manila-household-ratings-jan-1-9-2015-strawberry-lane-and-hiram-na-alaala-finish-stronglythe-ryzza-mae-show-beats-mini-series-of-gerald-maja-kc-paulo/1/7#focus,
Morning,AGB Nielsen,1/5/2015,ABS-CBN,Adventures of Tom Sawyer,5.1,http://www.pep.ph/guide/agb/15603/agb-nielsen-mega-manila-household-ratings-jan-1-9-2015-strawberry-lane-and-hiram-na-alaala-finish-stronglythe-ryzza-mae-show-beats-mini-series-of-gerald-maja-kc-paulo/1/7#focus,
Morning,AGB Nielsen,1/5/2015,GMA Network,Shaman King,9.5,http://www.pep.ph/guide/agb/15603/agb-nielsen-mega-manila-household-ratings-jan-1-9-2015-strawberry-lane-and-hiram-na-alaala-finish-stronglythe-ryzza-mae-show-beats-mini-series-of-gerald-maja-kc-paulo/1/7#focus,
Morning,AGB Nielsen,1/5/2015,GMA Network,Hunter x Hunter,9,http://www.pep.ph/guide/agb/15603/agb-nielsen-mega-manila-household-ratings-jan-1-9-2015-strawberry-lane-and-hiram-na-alaala-finish-stronglythe-ryzza-mae-show-beats-mini-series-of-gerald-maja-kc-paulo/1/7#focus,
Morning,AGB Nielsen,1/6/2015,GMA Network,Doraemon,4.4,http://www.pep.ph/guide/agb/15603/agb-nielsen-mega-manila-household-ratings-jan-1-9-2015-strawberry-lane-and-hiram-na-alaala-finish-stronglythe-ryzza-mae-show-beats-mini-series-of-gerald-maja-kc-paulo/1/9#focus,
Morning,AGB Nielsen,1/6/2015,GMA Network,Pokemon,5,http://www.pep.ph/guide/agb/15603/agb-nielsen-mega-manila-household-ratings-jan-1-9-2015-strawberry-lane-and-hiram-na-alaala-finish-stronglythe-ryzza-mae-show-beats-mini-series-of-gerald-maja-kc-paulo/1/8#focus,
Morning,AGB Nielsen,1/6/2015,GMA Network,One Piece,5.5,http://www.pep.ph/guide/agb/15603/agb-nielsen-mega-manila-household-ratings-jan-1-9-2015-strawberry-lane-and-hiram-na-alaala-finish-stronglythe-ryzza-mae-show-beats-mini-series-of-gerald-maja-kc-paulo/1/9#focus,
Morning,AGB Nielsen,1/6/2015,GMA Network,Bleach,6.7,http://www.pep.ph/guide/agb/15603/agb-nielsen-mega-manila-household-ratings-jan-1-9-2015-strawberry-lane-and-hiram-na-alaala-finish-stronglythe-ryzza-mae-show-beats-mini-series-of-gerald-maja-kc-paulo/1/8#focus,
Morning,AGB Nielsen,1/6/2015,GMA Network,Ghost Fighter,7.7,http://www.pep.ph/guide/agb/15603/agb-nielsen-mega-manila-household-ratings-jan-1-9-2015-strawberry-lane-and-hiram-na-alaala-finish-stronglythe-ryzza-mae-show-beats-mini-series-of-gerald-maja-kc-paulo/1/9#focus,
Morning,AGB Nielsen,1/6/2015,ABS-CBN,A Dog of Flanders,4.2,http://www.pep.ph/guide/agb/15603/agb-nielsen-mega-manila-household-ratings-jan-1-9-2015-strawberry-lane-and-hiram-na-alaala-finish-stronglythe-ryzza-mae-show-beats-mini-series-of-gerald-maja-kc-paulo/1/8#focus,
Morning,AGB Nielsen,1/6/2015,GMA Network,Fairy Tail,8.2,http://www.pep.ph/guide/agb/15603/agb-nielsen-mega-manila-household-ratings-jan-1-9-2015-strawberry-lane-and-hiram-na-alaala-finish-stronglythe-ryzza-mae-show-beats-mini-series-of-gerald-maja-kc-paulo/1/9#focus,
Morning,AGB Nielsen,1/6/2015,ABS-CBN,Adventures of Tom Sawyer,4.7,http://www.pep.ph/guide/agb/15603/agb-nielsen-mega-manila-household-ratings-jan-1-9-2015-strawberry-lane-and-hiram-na-alaala-finish-stronglythe-ryzza-mae-show-beats-mini-series-of-gerald-maja-kc-paulo/1/8#focus,
Morning,AGB Nielsen,1/6/2015,GMA Network,Shaman King,9.1,http://www.pep.ph/guide/agb/15603/agb-nielsen-mega-manila-household-ratings-jan-1-9-2015-strawberry-lane-and-hiram-na-alaala-finish-stronglythe-ryzza-mae-show-beats-mini-series-of-gerald-maja-kc-paulo/1/9#focus,
Morning,AGB Nielsen,1/6/2015,GMA Network,Hunter x Hunter,9.2,http://www.pep.ph/guide/agb/15603/agb-nielsen-mega-manila-household-ratings-jan-1-9-2015-strawberry-lane-and-hiram-na-alaala-finish-stronglythe-ryzza-mae-show-beats-mini-series-of-gerald-maja-kc-paulo/1/9#focus,
Morning,AGB Nielsen,1/6/2015,GMA Network,Slam Dunk,7.6,http://www.pep.ph/guide/agb/15603/agb-nielsen-mega-manila-household-ratings-jan-1-9-2015-strawberry-lane-and-hiram-na-alaala-finish-stronglythe-ryzza-mae-show-beats-mini-series-of-gerald-maja-kc-paulo/1/9#focus,
Morning,AGB Nielsen,1/7/2015,GMA Network,Pokemon,5.1,http://www.pep.ph/guide/agb/15603/agb-nielsen-mega-manila-household-ratings-jan-1-9-2015-strawberry-lane-and-hiram-na-alaala-finish-stronglythe-ryzza-mae-show-beats-mini-series-of-gerald-maja-kc-paulo/1/10#focus,
Morning,AGB Nielsen,1/7/2015,GMA Network,One Piece,6.8,http://www.pep.ph/guide/agb/15603/agb-nielsen-mega-manila-household-ratings-jan-1-9-2015-strawberry-lane-and-hiram-na-alaala-finish-stronglythe-ryzza-mae-show-beats-mini-series-of-gerald-maja-kc-paulo/1/10,
Morning,AGB Nielsen,1/7/2015,GMA Network,Doraemon,4.1,http://www.pep.ph/guide/agb/15603/agb-nielsen-mega-manila-household-ratings-jan-1-9-2015-strawberry-lane-and-hiram-na-alaala-finish-stronglythe-ryzza-mae-show-beats-mini-series-of-gerald-maja-kc-paulo/1/10#focus,
Morning,AGB Nielsen,1/7/2015,GMA Network,Bleach,7,http://www.pep.ph/guide/agb/15603/agb-nielsen-mega-manila-household-ratings-jan-1-9-2015-strawberry-lane-and-hiram-na-alaala-finish-stronglythe-ryzza-mae-show-beats-mini-series-of-gerald-maja-kc-paulo/1/10#focus,
Morning,AGB Nielsen,1/7/2015,GMA Network,Ghost Fighter,7.5,http://www.pep.ph/guide/agb/15603/agb-nielsen-mega-manila-household-ratings-jan-1-9-2015-strawberry-lane-and-hiram-na-alaala-finish-stronglythe-ryzza-mae-show-beats-mini-series-of-gerald-maja-kc-paulo/1/10#focus,
Morning,AGB Nielsen,1/7/2015,ABS-CBN,A Dog of Flanders,4.4,http://www.pep.ph/guide/agb/15603/agb-nielsen-mega-manila-household-ratings-jan-1-9-2015-strawberry-lane-and-hiram-na-alaala-finish-stronglythe-ryzza-mae-show-beats-mini-series-of-gerald-maja-kc-paulo/1/10#focus,
Morning,AGB Nielsen,1/7/2015,GMA Network,Fairy Tail,8.5,http://www.pep.ph/guide/agb/15603/agb-nielsen-mega-manila-household-ratings-jan-1-9-2015-strawberry-lane-and-hiram-na-alaala-finish-stronglythe-ryzza-mae-show-beats-mini-series-of-gerald-maja-kc-paulo/1/10#focus,
Morning,AGB Nielsen,1/7/2015,ABS-CBN,Adventures of Tom Sawyer,5.3,http://www.pep.ph/guide/agb/15603/agb-nielsen-mega-manila-household-ratings-jan-1-9-2015-strawberry-lane-and-hiram-na-alaala-finish-stronglythe-ryzza-mae-show-beats-mini-series-of-gerald-maja-kc-paulo/1/10#focus,
Morning,AGB Nielsen,1/7/2015,GMA Network,Shaman King,9.2,http://www.pep.ph/guide/agb/15603/agb-nielsen-mega-manila-household-ratings-jan-1-9-2015-strawberry-lane-and-hiram-na-alaala-finish-stronglythe-ryzza-mae-show-beats-mini-series-of-gerald-maja-kc-paulo/1/10#focus,
Morning,AGB Nielsen,1/7/2015,GMA Network,Hunter x Hunter,9.1,http://www.pep.ph/guide/agb/15603/agb-nielsen-mega-manila-household-ratings-jan-1-9-2015-strawberry-lane-and-hiram-na-alaala-finish-stronglythe-ryzza-mae-show-beats-mini-series-of-gerald-maja-kc-paulo/1/10#focus,
Morning,AGB Nielsen,1/7/2015,GMA Network,Slam Dunk,8,http://www.pep.ph/guide/agb/15603/agb-nielsen-mega-manila-household-ratings-jan-1-9-2015-strawberry-lane-and-hiram-na-alaala-finish-stronglythe-ryzza-mae-show-beats-mini-series-of-gerald-maja-kc-paulo/1/10#focus,
Morning,AGB Nielsen,1/8/2015,GMA Network,Doraemon,5.2,http://www.pep.ph/guide/agb/15603/agb-nielsen-mega-manila-household-ratings-jan-1-9-2015-strawberry-lane-and-hiram-na-alaala-finish-stronglythe-ryzza-mae-show-beats-mini-series-of-gerald-maja-kc-paulo/1/12#focus,
Morning,AGB Nielsen,1/8/2015,GMA Network,Pokemon,6.3,http://www.pep.ph/guide/agb/15603/agb-nielsen-mega-manila-household-ratings-jan-1-9-2015-strawberry-lane-and-hiram-na-alaala-finish-stronglythe-ryzza-mae-show-beats-mini-series-of-gerald-maja-kc-paulo/1/12#focus,
Morning,AGB Nielsen,1/8/2015,GMA Network,One Piece,7,http://www.pep.ph/guide/agb/15603/agb-nielsen-mega-manila-household-ratings-jan-1-9-2015-strawberry-lane-and-hiram-na-alaala-finish-stronglythe-ryzza-mae-show-beats-mini-series-of-gerald-maja-kc-paulo/1/12#focus,
Morning,AGB Nielsen,1/8/2015,GMA Network,Bleach,6,http://www.pep.ph/guide/agb/15603/agb-nielsen-mega-manila-household-ratings-jan-1-9-2015-strawberry-lane-and-hiram-na-alaala-finish-stronglythe-ryzza-mae-show-beats-mini-series-of-gerald-maja-kc-paulo/1/12#focus,
Morning,AGB Nielsen,1/8/2015,GMA Network,Ghost Fighter,7.5,http://www.pep.ph/guide/agb/15603/agb-nielsen-mega-manila-household-ratings-jan-1-9-2015-strawberry-lane-and-hiram-na-alaala-finish-stronglythe-ryzza-mae-show-beats-mini-series-of-gerald-maja-kc-paulo/1/12#focus,
Morning,AGB Nielsen,1/8/2015,ABS-CBN,A Dog of Flanders,4.4,http://www.pep.ph/guide/agb/15603/agb-nielsen-mega-manila-household-ratings-jan-1-9-2015-strawberry-lane-and-hiram-na-alaala-finish-stronglythe-ryzza-mae-show-beats-mini-series-of-gerald-maja-kc-paulo/1/12#focus,
Morning,AGB Nielsen,1/8/2015,GMA Network,Fairy Tail,8.4,http://www.pep.ph/guide/agb/15603/agb-nielsen-mega-manila-household-ratings-jan-1-9-2015-strawberry-lane-and-hiram-na-alaala-finish-stronglythe-ryzza-mae-show-beats-mini-series-of-gerald-maja-kc-paulo/1/12#focus,
Morning,AGB Nielsen,1/8/2015,ABS-CBN,Adventures of Tom Sawyer,5,http://www.pep.ph/guide/agb/15603/agb-nielsen-mega-manila-household-ratings-jan-1-9-2015-strawberry-lane-and-hiram-na-alaala-finish-stronglythe-ryzza-mae-show-beats-mini-series-of-gerald-maja-kc-paulo/1/12#focus,
Morning,AGB Nielsen,1/8/2015,GMA Network,Shaman King,8.7,http://www.pep.ph/guide/agb/15603/agb-nielsen-mega-manila-household-ratings-jan-1-9-2015-strawberry-lane-and-hiram-na-alaala-finish-stronglythe-ryzza-mae-show-beats-mini-series-of-gerald-maja-kc-paulo/1/12#focus,
Morning,AGB Nielsen,1/8/2015,GMA Network,Hunter x Hunter,8.5,http://www.pep.ph/guide/agb/15603/agb-nielsen-mega-manila-household-ratings-jan-1-9-2015-strawberry-lane-and-hiram-na-alaala-finish-stronglythe-ryzza-mae-show-beats-mini-series-of-gerald-maja-kc-paulo/1/12#focus,
Morning,AGB Nielsen,1/8/2015,GMA Network,Slam Dunk,8,http://www.pep.ph/guide/agb/15603/agb-nielsen-mega-manila-household-ratings-jan-1-9-2015-strawberry-lane-and-hiram-na-alaala-finish-stronglythe-ryzza-mae-show-beats-mini-series-of-gerald-maja-kc-paulo/1/12#focus,
Morning,AGB Nielsen,1/9/2015,GMA Network,Doraemon,7.1,http://www.pep.ph/guide/agb/15603/agb-nielsen-mega-manila-household-ratings-jan-1-9-2015-strawberry-lane-and-hiram-na-alaala-finish-stronglythe-ryzza-mae-show-beats-mini-series-of-gerald-maja-kc-paulo/1/13#focus,
Morning,AGB Nielsen,1/9/2015,GMA Network,Pokemon,7.1,http://www.pep.ph/guide/agb/15603/agb-nielsen-mega-manila-household-ratings-jan-1-9-2015-strawberry-lane-and-hiram-na-alaala-finish-stronglythe-ryzza-mae-show-beats-mini-series-of-gerald-maja-kc-paulo/1/13#focus,
Morning,AGB Nielsen,1/9/2015,GMA Network,One Piece,8.1,http://www.pep.ph/guide/agb/15603/agb-nielsen-mega-manila-household-ratings-jan-1-9-2015-strawberry-lane-and-hiram-na-alaala-finish-stronglythe-ryzza-mae-show-beats-mini-series-of-gerald-maja-kc-paulo/1/13#focus,
Morning,AGB Nielsen,1/9/2015,GMA Network,Bleach,8.2,http://www.pep.ph/guide/agb/15603/agb-nielsen-mega-manila-household-ratings-jan-1-9-2015-strawberry-lane-and-hiram-na-alaala-finish-stronglythe-ryzza-mae-show-beats-mini-series-of-gerald-maja-kc-paulo/1/13#focus,
Morning,AGB Nielsen,1/9/2015,GMA Network,Ghost Fighter,8.2,http://www.pep.ph/guide/agb/15603/agb-nielsen-mega-manila-household-ratings-jan-1-9-2015-strawberry-lane-and-hiram-na-alaala-finish-stronglythe-ryzza-mae-show-beats-mini-series-of-gerald-maja-kc-paulo/1/13#focus,
Morning,AGB Nielsen,1/9/2015,ABS-CBN,A Dog of Flanders,5.1,http://www.pep.ph/guide/agb/15603/agb-nielsen-mega-manila-household-ratings-jan-1-9-2015-strawberry-lane-and-hiram-na-alaala-finish-stronglythe-ryzza-mae-show-beats-mini-series-of-gerald-maja-kc-paulo/1/13#focus,
Morning,AGB Nielsen,1/9/2015,GMA Network,Fairy Tail,8.8,http://www.pep.ph/guide/agb/15603/agb-nielsen-mega-manila-household-ratings-jan-1-9-2015-strawberry-lane-and-hiram-na-alaala-finish-stronglythe-ryzza-mae-show-beats-mini-series-of-gerald-maja-kc-paulo/1/13#focus,
Morning,AGB Nielsen,1/9/2015,ABS-CBN,Adventures of Tom Sawyer,6.7,http://www.pep.ph/guide/agb/15603/agb-nielsen-mega-manila-household-ratings-jan-1-9-2015-strawberry-lane-and-hiram-na-alaala-finish-stronglythe-ryzza-mae-show-beats-mini-series-of-gerald-maja-kc-paulo/1/13#focus,
Morning,AGB Nielsen,1/9/2015,GMA Network,Shaman King,9,http://www.pep.ph/guide/agb/15603/agb-nielsen-mega-manila-household-ratings-jan-1-9-2015-strawberry-lane-and-hiram-na-alaala-finish-stronglythe-ryzza-mae-show-beats-mini-series-of-gerald-maja-kc-paulo/1/13#focus,
Morning,AGB Nielsen,1/9/2015,GMA Network,Hunter x Hunter,10.2,http://www.pep.ph/guide/agb/15603/agb-nielsen-mega-manila-household-ratings-jan-1-9-2015-strawberry-lane-and-hiram-na-alaala-finish-stronglythe-ryzza-mae-show-beats-mini-series-of-gerald-maja-kc-paulo/1/13#focus,
Morning,AGB Nielsen,1/9/2015,GMA Network,Slam Dunk,8.6,http://www.pep.ph/guide/agb/15603/agb-nielsen-mega-manila-household-ratings-jan-1-9-2015-strawberry-lane-and-hiram-na-alaala-finish-stronglythe-ryzza-mae-show-beats-mini-series-of-gerald-maja-kc-paulo/1/13#focus,
Morning,AGB Nielsen,1/10/2015,GMA Network,Monsuno,5.3,http://www.pep.ph/guide/agb/15789/agb-nielsen-mega-manila-household-ratings-january-10-16-2015-second-chances-debut-week-defeats-two-wives,
Morning,AGB Nielsen,1/10/2015,TV5,Stitch!,0.7,http://www.pep.ph/guide/agb/15789/agb-nielsen-mega-manila-household-ratings-january-10-16-2015-second-chances-debut-week-defeats-two-wives,
Morning,AGB Nielsen,1/11/2015,GMA Network,Grimm's Fairy Tales,5.2,http://www.pep.ph/guide/agb/15789/agb-nielsen-mega-manila-household-ratings-january-10-16-2015-second-chances-debut-week-defeats-two-wives/1/3#focus,
Morning,AGB Nielsen,1/11/2015,GMA Network,Monsuno,6.6,http://www.pep.ph/guide/agb/15789/agb-nielsen-mega-manila-household-ratings-january-10-16-2015-second-chances-debut-week-defeats-two-wives/1/3#focus,
Morning,AGB Nielsen,1/11/2015,TV5,Stitch!,1.9,http://www.pep.ph/guide/agb/15789/agb-nielsen-mega-manila-household-ratings-january-10-16-2015-second-chances-debut-week-defeats-two-wives/1/3#focus,
Morning,AGB Nielsen,1/11/2015,GMA Network,Superhero Sunday: Pokemon Raikou,10.6,http://www.pep.ph/guide/agb/15789/agb-nielsen-mega-manila-household-ratings-january-10-16-2015-second-chances-debut-week-defeats-two-wives/1/2#focus,
Morning,AGB Nielsen,1/12/2015,GMA Network,Doraemon,4.8,http://www.pep.ph/guide/agb/15789/agb-nielsen-mega-manila-household-ratings-january-10-16-2015-second-chances-debut-week-defeats-two-wives/1/4#focus,
Morning,AGB Nielsen,1/12/2015,GMA Network,Pokemon,5.3,http://www.pep.ph/guide/agb/15789/agb-nielsen-mega-manila-household-ratings-january-10-16-2015-second-chances-debut-week-defeats-two-wives/1/4#focus,
Morning,AGB Nielsen,1/12/2015,GMA Network,One Piece,6.3,http://www.pep.ph/guide/agb/15789/agb-nielsen-mega-manila-household-ratings-january-10-16-2015-second-chances-debut-week-defeats-two-wives/1/4#focus,
Morning,AGB Nielsen,1/12/2015,GMA Network,Detective Conan,7.5,http://www.pep.ph/guide/agb/15789/agb-nielsen-mega-manila-household-ratings-january-10-16-2015-second-chances-debut-week-defeats-two-wives/1/4#focus,
Morning,AGB Nielsen,1/12/2015,GMA Network,Bleach,7.7,http://www.pep.ph/guide/agb/15789/agb-nielsen-mega-manila-household-ratings-january-10-16-2015-second-chances-debut-week-defeats-two-wives/1/4#focus,
Morning,AGB Nielsen,1/12/2015,ABS-CBN,A Dog of Flanders,3.9,http://www.pep.ph/guide/agb/15789/agb-nielsen-mega-manila-household-ratings-january-10-16-2015-second-chances-debut-week-defeats-two-wives/1/4#focus,
Morning,AGB Nielsen,1/12/2015,GMA Network,Ghost Fighter,8.6,http://www.pep.ph/guide/agb/15789/agb-nielsen-mega-manila-household-ratings-january-10-16-2015-second-chances-debut-week-defeats-two-wives/1/4#focus,
Morning,AGB Nielsen,1/12/2015,ABS-CBN,Adventures of Tom Sawyer,4.7,http://www.pep.ph/guide/agb/15789/agb-nielsen-mega-manila-household-ratings-january-10-16-2015-second-chances-debut-week-defeats-two-wives/1/4#focus,
Morning,AGB Nielsen,1/12/2015,GMA Network,Fairy Tail,9.3,http://www.pep.ph/guide/agb/15789/agb-nielsen-mega-manila-household-ratings-january-10-16-2015-second-chances-debut-week-defeats-two-wives/1/4#focus,
Morning,AGB Nielsen,1/12/2015,GMA Network,Hunter x Hunter,9.6,http://www.pep.ph/guide/agb/15789/agb-nielsen-mega-manila-household-ratings-january-10-16-2015-second-chances-debut-week-defeats-two-wives/1/4#focus,
Morning,AGB Nielsen,1/12/2015,GMA Network,Slam Dunk,7.7,http://www.pep.ph/guide/agb/15789/agb-nielsen-mega-manila-household-ratings-january-10-16-2015-second-chances-debut-week-defeats-two-wives/1/4#focus,
Morning,AGB Nielsen,1/12/2015,TV5,Movie Max 5: Final Fantasy the Spirits Within,2,http://www.pep.ph/guide/agb/15789/agb-nielsen-mega-manila-household-ratings-january-10-16-2015-second-chances-debut-week-defeats-two-wives/1/5#focus,
Morning,AGB Nielsen,1/13/2015,GMA Network,Doraemon,5.9,http://www.pep.ph/guide/agb/15789/agb-nielsen-mega-manila-household-ratings-january-10-16-2015-second-chances-debut-week-defeats-two-wives/1/6#focus,
Morning,AGB Nielsen,1/13/2015,GMA Network,Pokemon,6.6,http://www.pep.ph/guide/agb/15789/agb-nielsen-mega-manila-household-ratings-january-10-16-2015-second-chances-debut-week-defeats-two-wives/1/6#focus,
Morning,AGB Nielsen,1/13/2015,GMA Network,One Piece,7.7,http://www.pep.ph/guide/agb/15789/agb-nielsen-mega-manila-household-ratings-january-10-16-2015-second-chances-debut-week-defeats-two-wives/1/6#focus,
Morning,AGB Nielsen,1/13/2015,GMA Network,Detective Conan,8.8,http://www.pep.ph/guide/agb/15789/agb-nielsen-mega-manila-household-ratings-january-10-16-2015-second-chances-debut-week-defeats-two-wives/1/6#focus,
Morning,AGB Nielsen,1/13/2015,GMA Network,Bleach,8.8,http://www.pep.ph/guide/agb/15789/agb-nielsen-mega-manila-household-ratings-january-10-16-2015-second-chances-debut-week-defeats-two-wives/1/6#focus,
Morning,AGB Nielsen,1/13/2015,ABS-CBN,A Dog of Flanders,4.3,http://www.pep.ph/guide/agb/15789/agb-nielsen-mega-manila-household-ratings-january-10-16-2015-second-chances-debut-week-defeats-two-wives/1/6#focus,
Morning,AGB Nielsen,1/13/2015,GMA Network,Ghost Fighter,9.1,http://www.pep.ph/guide/agb/15789/agb-nielsen-mega-manila-household-ratings-january-10-16-2015-second-chances-debut-week-defeats-two-wives/1/6#focus,
Morning,AGB Nielsen,1/13/2015,ABS-CBN,Adventures of Tom Sawyer,4.8,http://www.pep.ph/guide/agb/15789/agb-nielsen-mega-manila-household-ratings-january-10-16-2015-second-chances-debut-week-defeats-two-wives/1/6#focus,
Morning,AGB Nielsen,1/13/2015,GMA Network,Fairy Tail,9.1,http://www.pep.ph/guide/agb/15789/agb-nielsen-mega-manila-household-ratings-january-10-16-2015-second-chances-debut-week-defeats-two-wives/1/6#focus,
Morning,AGB Nielsen,1/13/2015,GMA Network,Hunter x Hunter,8.6,http://www.pep.ph/guide/agb/15789/agb-nielsen-mega-manila-household-ratings-january-10-16-2015-second-chances-debut-week-defeats-two-wives/1/6#focus,
Morning,AGB Nielsen,1/13/2015,GMA Network,Slam Dunk,7.9,http://www.pep.ph/guide/agb/15789/agb-nielsen-mega-manila-household-ratings-january-10-16-2015-second-chances-debut-week-defeats-two-wives/1/6#focus,
Morning,AGB Nielsen,1/14/2015,GMA Network,Doraemon,5.4,http://www.pep.ph/guide/agb/15789/agb-nielsen-mega-manila-household-ratings-january-10-16-2015-second-chances-debut-week-defeats-two-wives/1/7#focus,
Morning,AGB Nielsen,1/14/2015,GMA Network,Pokemon,6.7,http://www.pep.ph/guide/agb/15789/agb-nielsen-mega-manila-household-ratings-january-10-16-2015-second-chances-debut-week-defeats-two-wives/1/7#focus,
Morning,AGB Nielsen,1/14/2015,GMA Network,One Piece,7.5,http://www.pep.ph/guide/agb/15789/agb-nielsen-mega-manila-household-ratings-january-10-16-2015-second-chances-debut-week-defeats-two-wives/1/7#focus,
Morning,AGB Nielsen,1/14/2015,GMA Network,Detective Conan,7.7,http://www.pep.ph/guide/agb/15789/agb-nielsen-mega-manila-household-ratings-january-10-16-2015-second-chances-debut-week-defeats-two-wives/1/7#focus,
Morning,AGB Nielsen,1/14/2015,GMA Network,Bleach,8.6,http://www.pep.ph/guide/agb/15789/agb-nielsen-mega-manila-household-ratings-january-10-16-2015-second-chances-debut-week-defeats-two-wives/1/7#focus,
Morning,AGB Nielsen,1/14/2015,ABS-CBN,A Dog of Flanders,4,http://www.pep.ph/guide/agb/15789/agb-nielsen-mega-manila-household-ratings-january-10-16-2015-second-chances-debut-week-defeats-two-wives/1/7#focus,
Morning,AGB Nielsen,1/14/2015,GMA Network,Ghost Fighter,9.6,http://www.pep.ph/guide/agb/15789/agb-nielsen-mega-manila-household-ratings-january-10-16-2015-second-chances-debut-week-defeats-two-wives/1/7#focus,
Morning,AGB Nielsen,1/14/2015,GMA Network,Fairy Tail,9.9,http://www.pep.ph/guide/agb/15789/agb-nielsen-mega-manila-household-ratings-january-10-16-2015-second-chances-debut-week-defeats-two-wives/1/7#focus,
Morning,AGB Nielsen,1/14/2015,ABS-CBN,Adventures of Tom Sawyer,3.9,http://www.pep.ph/guide/agb/15789/agb-nielsen-mega-manila-household-ratings-january-10-16-2015-second-chances-debut-week-defeats-two-wives/1/7#focus,
Morning,AGB Nielsen,1/14/2015,GMA Network,Hunter x Hunter,10.4,http://www.pep.ph/guide/agb/15789/agb-nielsen-mega-manila-household-ratings-january-10-16-2015-second-chances-debut-week-defeats-two-wives/1/7#focus,
Morning,AGB Nielsen,1/14/2015,GMA Network,Slam Dunk,8.1,http://www.pep.ph/guide/agb/15789/agb-nielsen-mega-manila-household-ratings-january-10-16-2015-second-chances-debut-week-defeats-two-wives/1/7#focus,
Morning,AGB Nielsen,1/15/2015,GMA Network,Doraemon,6.5,http://www.pep.ph/guide/agb/15789/agb-nielsen-mega-manila-household-ratings-january-10-16-2015-second-chances-debut-week-defeats-two-wives/1/9#focus,
Morning,AGB Nielsen,1/15/2015,GMA Network,Pokemon,6.9,http://www.pep.ph/guide/agb/15789/agb-nielsen-mega-manila-household-ratings-january-10-16-2015-second-chances-debut-week-defeats-two-wives/1/9#focus,
Morning,AGB Nielsen,1/15/2015,GMA Network,One Piece,7.8,http://www.pep.ph/guide/agb/15789/agb-nielsen-mega-manila-household-ratings-january-10-16-2015-second-chances-debut-week-defeats-two-wives/1/9#focus,
Morning,AGB Nielsen,1/15/2015,GMA Network,Detective Conan,8.3,http://www.pep.ph/guide/agb/15789/agb-nielsen-mega-manila-household-ratings-january-10-16-2015-second-chances-debut-week-defeats-two-wives/1/9#focus,
Morning,AGB Nielsen,1/15/2015,GMA Network,Bleach,7.8,http://www.pep.ph/guide/agb/15789/agb-nielsen-mega-manila-household-ratings-january-10-16-2015-second-chances-debut-week-defeats-two-wives/1/9#focus,
Morning,AGB Nielsen,1/15/2015,GMA Network,Ghost Fighter,10.6,http://www.pep.ph/guide/agb/15789/agb-nielsen-mega-manila-household-ratings-january-10-16-2015-second-chances-debut-week-defeats-two-wives/1/9#focus,
Morning,AGB Nielsen,1/15/2015,GMA Network,Fairy Tail,11.6,http://www.pep.ph/guide/agb/15789/agb-nielsen-mega-manila-household-ratings-january-10-16-2015-second-chances-debut-week-defeats-two-wives/1/9#focus,
Morning,AGB Nielsen,1/15/2015,GMA Network,Hunter x Hunter,11.6,http://www.pep.ph/guide/agb/15789/agb-nielsen-mega-manila-household-ratings-january-10-16-2015-second-chances-debut-week-defeats-two-wives/1/9#focus,
Morning,AGB Nielsen,1/15/2015,GMA Network,Slam Dunk,10,http://www.pep.ph/guide/agb/15789/agb-nielsen-mega-manila-household-ratings-january-10-16-2015-second-chances-debut-week-defeats-two-wives/1/9#focus,
Morning,AGB Nielsen,1/15/2015,ABS-CBN,Adventures of Tom Sawyer,5.6,http://www.pep.ph/guide/agb/15789/agb-nielsen-mega-manila-household-ratings-january-10-16-2015-second-chances-debut-week-defeats-two-wives/1/9#focus,
Morning,AGB Nielsen,1/16/2015,GMA Network,Doraemon,6.8,http://www.pep.ph/guide/agb/15789/agb-nielsen-mega-manila-household-ratings-january-10-16-2015-second-chances-debut-week-defeats-two-wives/1/10#focus,
Morning,AGB Nielsen,1/16/2015,GMA Network,Pokemon,7.2,http://www.pep.ph/guide/agb/15789/agb-nielsen-mega-manila-household-ratings-january-10-16-2015-second-chances-debut-week-defeats-two-wives/1/10#focus,
Morning,AGB Nielsen,1/16/2015,GMA Network,One Piece,8,http://www.pep.ph/guide/agb/15789/agb-nielsen-mega-manila-household-ratings-january-10-16-2015-second-chances-debut-week-defeats-two-wives/1/10#focus,
Morning,AGB Nielsen,1/16/2015,GMA Network,Detective Conan,10,http://www.pep.ph/guide/agb/15789/agb-nielsen-mega-manila-household-ratings-january-10-16-2015-second-chances-debut-week-defeats-two-wives/1/10#focus,
Morning,AGB Nielsen,1/17/2015,TV5,Stitch!,0.8,http://www.pep.ph/guide/agb/15460/agb-nielsen-mega-manila-household-ratings-jan-17-23-2015-the-ryzza-mae-show-defeats-oh-my-g-pilot-week-flordeliza-and-nasaan-ka-nang-kailangan-kita-post-weak-pilot-ratings,
Morning,AGB Nielsen,1/19/2015,GMA Network,Fairy Tail,12.1,http://www.pep.ph/guide/agb/15460/agb-nielsen-mega-manila-household-ratings-jan-17-23-2015-the-ryzza-mae-show-defeats-oh-my-g-pilot-week-flordeliza-and-nasaan-ka-nang-kailangan-kita-post-weak-pilot-ratings/1/3#focus,
Morning,AGB Nielsen,1/19/2015,GMA Network,Hunter x Hunter,11.2,http://www.pep.ph/guide/agb/15460/agb-nielsen-mega-manila-household-ratings-jan-17-23-2015-the-ryzza-mae-show-defeats-oh-my-g-pilot-week-flordeliza-and-nasaan-ka-nang-kailangan-kita-post-weak-pilot-ratings/1/3#focus,
Morning,AGB Nielsen,1/20/2015,GMA Network,Dragon Ball,5,http://www.pep.ph/guide/agb/15460/agb-nielsen-mega-manila-household-ratings-jan-17-23-2015-the-ryzza-mae-show-defeats-oh-my-g-pilot-week-flordeliza-and-nasaan-ka-nang-kailangan-kita-post-weak-pilot-ratings/1/4#focus,
Morning,AGB Nielsen,1/20/2015,GMA Network,Pokemon,6.3,http://www.pep.ph/guide/agb/15460/agb-nielsen-mega-manila-household-ratings-jan-17-23-2015-the-ryzza-mae-show-defeats-oh-my-g-pilot-week-flordeliza-and-nasaan-ka-nang-kailangan-kita-post-weak-pilot-ratings/1/4#focus,
Morning,AGB Nielsen,1/20/2015,GMA Network,One Piece,7.9,http://www.pep.ph/guide/agb/15460/agb-nielsen-mega-manila-household-ratings-jan-17-23-2015-the-ryzza-mae-show-defeats-oh-my-g-pilot-week-flordeliza-and-nasaan-ka-nang-kailangan-kita-post-weak-pilot-ratings/1/4#focus,
Morning,AGB Nielsen,1/20/2015,GMA Network,Detective Conan,8.6,http://www.pep.ph/guide/agb/15460/agb-nielsen-mega-manila-household-ratings-jan-17-23-2015-the-ryzza-mae-show-defeats-oh-my-g-pilot-week-flordeliza-and-nasaan-ka-nang-kailangan-kita-post-weak-pilot-ratings/1/4#focus,
Morning,AGB Nielsen,1/20/2015,GMA Network,Bleach,8.9,http://www.pep.ph/guide/agb/15460/agb-nielsen-mega-manila-household-ratings-jan-17-23-2015-the-ryzza-mae-show-defeats-oh-my-g-pilot-week-flordeliza-and-nasaan-ka-nang-kailangan-kita-post-weak-pilot-ratings/1/5#focus,
Morning,AGB Nielsen,1/20/2015,ABS-CBN,A Dog of Flanders,4.8,http://www.pep.ph/guide/agb/15460/agb-nielsen-mega-manila-household-ratings-jan-17-23-2015-the-ryzza-mae-show-defeats-oh-my-g-pilot-week-flordeliza-and-nasaan-ka-nang-kailangan-kita-post-weak-pilot-ratings/1/5#focus,
Morning,AGB Nielsen,1/20/2015,TV5,Rockman Exe Axess,1.8,http://www.pep.ph/guide/agb/15460/agb-nielsen-mega-manila-household-ratings-jan-17-23-2015-the-ryzza-mae-show-defeats-oh-my-g-pilot-week-flordeliza-and-nasaan-ka-nang-kailangan-kita-post-weak-pilot-ratings/1/5#focus,
Morning,AGB Nielsen,1/20/2015,GMA Network,Ghost Fighter,9.6,http://www.pep.ph/guide/agb/15460/agb-nielsen-mega-manila-household-ratings-jan-17-23-2015-the-ryzza-mae-show-defeats-oh-my-g-pilot-week-flordeliza-and-nasaan-ka-nang-kailangan-kita-post-weak-pilot-ratings/1/5#focus,
Morning,AGB Nielsen,1/20/2015,ABS-CBN,Adventures of Tom Sawyer,5,http://www.pep.ph/guide/agb/15460/agb-nielsen-mega-manila-household-ratings-jan-17-23-2015-the-ryzza-mae-show-defeats-oh-my-g-pilot-week-flordeliza-and-nasaan-ka-nang-kailangan-kita-post-weak-pilot-ratings/1/5#focus,
Morning,AGB Nielsen,1/20/2015,GMA Network,Fairy Tail,10.1,http://www.pep.ph/guide/agb/15460/agb-nielsen-mega-manila-household-ratings-jan-17-23-2015-the-ryzza-mae-show-defeats-oh-my-g-pilot-week-flordeliza-and-nasaan-ka-nang-kailangan-kita-post-weak-pilot-ratings/1/5#focus,
Morning,AGB Nielsen,1/20/2015,GMA Network,Hunter x Hunter,11.4,http://www.pep.ph/guide/agb/15460/agb-nielsen-mega-manila-household-ratings-jan-17-23-2015-the-ryzza-mae-show-defeats-oh-my-g-pilot-week-flordeliza-and-nasaan-ka-nang-kailangan-kita-post-weak-pilot-ratings/1/5#focus,
Morning,AGB Nielsen,1/20/2015,GMA Network,Slam Dunk,9.9,http://www.pep.ph/guide/agb/15460/agb-nielsen-mega-manila-household-ratings-jan-17-23-2015-the-ryzza-mae-show-defeats-oh-my-g-pilot-week-flordeliza-and-nasaan-ka-nang-kailangan-kita-post-weak-pilot-ratings/1/5#focus,
Morning,AGB Nielsen,1/21/2015,GMA Network,Dragon Ball,4.6,http://www.pep.ph/guide/agb/15460/agb-nielsen-mega-manila-household-ratings-jan-17-23-2015-the-ryzza-mae-show-defeats-oh-my-g-pilot-week-flordeliza-and-nasaan-ka-nang-kailangan-kita-post-weak-pilot-ratings/1/6#focus,
Morning,AGB Nielsen,1/21/2015,GMA Network,Pokemon,6.7,http://www.pep.ph/guide/agb/15460/agb-nielsen-mega-manila-household-ratings-jan-17-23-2015-the-ryzza-mae-show-defeats-oh-my-g-pilot-week-flordeliza-and-nasaan-ka-nang-kailangan-kita-post-weak-pilot-ratings/1/6,
Morning,AGB Nielsen,1/21/2015,GMA Network,One Piece,7.6,http://www.pep.ph/guide/agb/15460/agb-nielsen-mega-manila-household-ratings-jan-17-23-2015-the-ryzza-mae-show-defeats-oh-my-g-pilot-week-flordeliza-and-nasaan-ka-nang-kailangan-kita-post-weak-pilot-ratings/1/6,
Morning,AGB Nielsen,1/21/2015,GMA Network,Detective Conan,8.5,http://www.pep.ph/guide/agb/15460/agb-nielsen-mega-manila-household-ratings-jan-17-23-2015-the-ryzza-mae-show-defeats-oh-my-g-pilot-week-flordeliza-and-nasaan-ka-nang-kailangan-kita-post-weak-pilot-ratings/1/6,
Morning,AGB Nielsen,1/21/2015,GMA Network,Bleach,8.6,http://www.pep.ph/guide/agb/15460/agb-nielsen-mega-manila-household-ratings-jan-17-23-2015-the-ryzza-mae-show-defeats-oh-my-g-pilot-week-flordeliza-and-nasaan-ka-nang-kailangan-kita-post-weak-pilot-ratings/1/6,
Morning,AGB Nielsen,1/21/2015,GMA Network,Ghost Fighter,9.9,http://www.pep.ph/guide/agb/15460/agb-nielsen-mega-manila-household-ratings-jan-17-23-2015-the-ryzza-mae-show-defeats-oh-my-g-pilot-week-flordeliza-and-nasaan-ka-nang-kailangan-kita-post-weak-pilot-ratings/1/6,
Morning,AGB Nielsen,1/21/2015,ABS-CBN,A Dog of Flanders,4.6,http://www.pep.ph/guide/agb/15460/agb-nielsen-mega-manila-household-ratings-jan-17-23-2015-the-ryzza-mae-show-defeats-oh-my-g-pilot-week-flordeliza-and-nasaan-ka-nang-kailangan-kita-post-weak-pilot-ratings/1/6,
Morning,AGB Nielsen,1/21/2015,ABS-CBN,Adventures of Tom Sawyer,5.3,http://www.pep.ph/guide/agb/15460/agb-nielsen-mega-manila-household-ratings-jan-17-23-2015-the-ryzza-mae-show-defeats-oh-my-g-pilot-week-flordeliza-and-nasaan-ka-nang-kailangan-kita-post-weak-pilot-ratings/1/6,
Morning,AGB Nielsen,1/21/2015,TV5,Rockman Exe Axess,1.2,http://www.pep.ph/guide/agb/15460/agb-nielsen-mega-manila-household-ratings-jan-17-23-2015-the-ryzza-mae-show-defeats-oh-my-g-pilot-week-flordeliza-and-nasaan-ka-nang-kailangan-kita-post-weak-pilot-ratings/1/6,
Morning,AGB Nielsen,1/21/2015,GMA Network,Fairy Tail,10.9,http://www.pep.ph/guide/agb/15460/agb-nielsen-mega-manila-household-ratings-jan-17-23-2015-the-ryzza-mae-show-defeats-oh-my-g-pilot-week-flordeliza-and-nasaan-ka-nang-kailangan-kita-post-weak-pilot-ratings/1/6,
Morning,AGB Nielsen,1/21/2015,GMA Network,Hunter x Hunter,10,http://www.pep.ph/guide/agb/15460/agb-nielsen-mega-manila-household-ratings-jan-17-23-2015-the-ryzza-mae-show-defeats-oh-my-g-pilot-week-flordeliza-and-nasaan-ka-nang-kailangan-kita-post-weak-pilot-ratings/1/6,
Morning,AGB Nielsen,1/21/2015,GMA Network,Slam Dunk,9.9,http://www.pep.ph/guide/agb/15460/agb-nielsen-mega-manila-household-ratings-jan-17-23-2015-the-ryzza-mae-show-defeats-oh-my-g-pilot-week-flordeliza-and-nasaan-ka-nang-kailangan-kita-post-weak-pilot-ratings/1/6,
Morning,AGB Nielsen,1/22/2015,GMA Network,Dragon Ball,4.5,http://www.pep.ph/guide/agb/15460/agb-nielsen-mega-manila-household-ratings-jan-17-23-2015-the-ryzza-mae-show-defeats-oh-my-g-pilot-week-flordeliza-and-nasaan-ka-nang-kailangan-kita-post-weak-pilot-ratings/1/8,
Morning,AGB Nielsen,1/22/2015,GMA Network,Pokemon,6.7,http://www.pep.ph/guide/agb/15460/agb-nielsen-mega-manila-household-ratings-jan-17-23-2015-the-ryzza-mae-show-defeats-oh-my-g-pilot-week-flordeliza-and-nasaan-ka-nang-kailangan-kita-post-weak-pilot-ratings/1/8,
Morning,AGB Nielsen,1/22/2015,GMA Network,One Piece,7.8,http://www.pep.ph/guide/agb/15460/agb-nielsen-mega-manila-household-ratings-jan-17-23-2015-the-ryzza-mae-show-defeats-oh-my-g-pilot-week-flordeliza-and-nasaan-ka-nang-kailangan-kita-post-weak-pilot-ratings/1/8,
Morning,AGB Nielsen,1/22/2015,GMA Network,Detective Conan,9.7,http://www.pep.ph/guide/agb/15460/agb-nielsen-mega-manila-household-ratings-jan-17-23-2015-the-ryzza-mae-show-defeats-oh-my-g-pilot-week-flordeliza-and-nasaan-ka-nang-kailangan-kita-post-weak-pilot-ratings/1/8,
Morning,AGB Nielsen,1/22/2015,GMA Network,Bleach,8.9,http://www.pep.ph/guide/agb/15460/agb-nielsen-mega-manila-household-ratings-jan-17-23-2015-the-ryzza-mae-show-defeats-oh-my-g-pilot-week-flordeliza-and-nasaan-ka-nang-kailangan-kita-post-weak-pilot-ratings/1/8,
Morning,AGB Nielsen,1/22/2015,GMA Network,Ghost Fighter,10.4,http://www.pep.ph/guide/agb/15460/agb-nielsen-mega-manila-household-ratings-jan-17-23-2015-the-ryzza-mae-show-defeats-oh-my-g-pilot-week-flordeliza-and-nasaan-ka-nang-kailangan-kita-post-weak-pilot-ratings/1/8,
Morning,AGB Nielsen,1/22/2015,ABS-CBN,A Dog of Flanders,4.9,http://www.pep.ph/guide/agb/15460/agb-nielsen-mega-manila-household-ratings-jan-17-23-2015-the-ryzza-mae-show-defeats-oh-my-g-pilot-week-flordeliza-and-nasaan-ka-nang-kailangan-kita-post-weak-pilot-ratings/1/8,
Morning,AGB Nielsen,1/22/2015,ABS-CBN,Adventures of Tom Sawyer,5.5,http://www.pep.ph/guide/agb/15460/agb-nielsen-mega-manila-household-ratings-jan-17-23-2015-the-ryzza-mae-show-defeats-oh-my-g-pilot-week-flordeliza-and-nasaan-ka-nang-kailangan-kita-post-weak-pilot-ratings/1/8,
Morning,AGB Nielsen,1/22/2015,TV5,Rockman Exe Axess,1.4,http://www.pep.ph/guide/agb/15460/agb-nielsen-mega-manila-household-ratings-jan-17-23-2015-the-ryzza-mae-show-defeats-oh-my-g-pilot-week-flordeliza-and-nasaan-ka-nang-kailangan-kita-post-weak-pilot-ratings/1/8,
Morning,AGB Nielsen,1/22/2015,GMA Network,Fairy Tail,11,http://www.pep.ph/guide/agb/15460/agb-nielsen-mega-manila-household-ratings-jan-17-23-2015-the-ryzza-mae-show-defeats-oh-my-g-pilot-week-flordeliza-and-nasaan-ka-nang-kailangan-kita-post-weak-pilot-ratings/1/8,
Morning,AGB Nielsen,1/22/2015,GMA Network,Hunter x Hunter,11.3,http://www.pep.ph/guide/agb/15460/agb-nielsen-mega-manila-household-ratings-jan-17-23-2015-the-ryzza-mae-show-defeats-oh-my-g-pilot-week-flordeliza-and-nasaan-ka-nang-kailangan-kita-post-weak-pilot-ratings/1/8,
Morning,AGB Nielsen,1/22/2015,GMA Network,Slam Dunk,10.4,http://www.pep.ph/guide/agb/15460/agb-nielsen-mega-manila-household-ratings-jan-17-23-2015-the-ryzza-mae-show-defeats-oh-my-g-pilot-week-flordeliza-and-nasaan-ka-nang-kailangan-kita-post-weak-pilot-ratings/1/8,
Morning,AGB Nielsen,1/23/2015,GMA Network,Dragon Ball,5.2,http://www.pep.ph/guide/agb/15460/agb-nielsen-mega-manila-household-ratings-jan-17-23-2015-the-ryzza-mae-show-defeats-oh-my-g-pilot-week-flordeliza-and-nasaan-ka-nang-kailangan-kita-post-weak-pilot-ratings/1/9,
Morning,AGB Nielsen,1/23/2015,GMA Network,Pokemon,6,http://www.pep.ph/guide/agb/15460/agb-nielsen-mega-manila-household-ratings-jan-17-23-2015-the-ryzza-mae-show-defeats-oh-my-g-pilot-week-flordeliza-and-nasaan-ka-nang-kailangan-kita-post-weak-pilot-ratings/1/9,
Morning,AGB Nielsen,1/23/2015,GMA Network,One Piece,6.4,http://www.pep.ph/guide/agb/15460/agb-nielsen-mega-manila-household-ratings-jan-17-23-2015-the-ryzza-mae-show-defeats-oh-my-g-pilot-week-flordeliza-and-nasaan-ka-nang-kailangan-kita-post-weak-pilot-ratings/1/9,
Morning,AGB Nielsen,1/23/2015,GMA Network,Detective Conan,8.3,http://www.pep.ph/guide/agb/15460/agb-nielsen-mega-manila-household-ratings-jan-17-23-2015-the-ryzza-mae-show-defeats-oh-my-g-pilot-week-flordeliza-and-nasaan-ka-nang-kailangan-kita-post-weak-pilot-ratings/1/9,
Morning,AGB Nielsen,1/23/2015,GMA Network,Bleach,7.9,http://www.pep.ph/guide/agb/15460/agb-nielsen-mega-manila-household-ratings-jan-17-23-2015-the-ryzza-mae-show-defeats-oh-my-g-pilot-week-flordeliza-and-nasaan-ka-nang-kailangan-kita-post-weak-pilot-ratings/1/9,
Morning,AGB Nielsen,1/23/2015,GMA Network,Ghost Fighter,8.7,http://www.pep.ph/guide/agb/15460/agb-nielsen-mega-manila-household-ratings-jan-17-23-2015-the-ryzza-mae-show-defeats-oh-my-g-pilot-week-flordeliza-and-nasaan-ka-nang-kailangan-kita-post-weak-pilot-ratings/1/10,
Morning,AGB Nielsen,1/23/2015,ABS-CBN,A Dog of Flanders,3.5,http://www.pep.ph/guide/agb/15460/agb-nielsen-mega-manila-household-ratings-jan-17-23-2015-the-ryzza-mae-show-defeats-oh-my-g-pilot-week-flordeliza-and-nasaan-ka-nang-kailangan-kita-post-weak-pilot-ratings/1/9,
Morning,AGB Nielsen,1/23/2015,ABS-CBN,Adventures of Tom Sawyer,3.7,http://www.pep.ph/guide/agb/15460/agb-nielsen-mega-manila-household-ratings-jan-17-23-2015-the-ryzza-mae-show-defeats-oh-my-g-pilot-week-flordeliza-and-nasaan-ka-nang-kailangan-kita-post-weak-pilot-ratings/1/10,
Morning,AGB Nielsen,1/23/2015,TV5,Rockman Exe Axess,1.7,http://www.pep.ph/guide/agb/15460/agb-nielsen-mega-manila-household-ratings-jan-17-23-2015-the-ryzza-mae-show-defeats-oh-my-g-pilot-week-flordeliza-and-nasaan-ka-nang-kailangan-kita-post-weak-pilot-ratings/1/9,
Morning,AGB Nielsen,1/23/2015,GMA Network,Fairy Tail,9.9,http://www.pep.ph/guide/agb/15460/agb-nielsen-mega-manila-household-ratings-jan-17-23-2015-the-ryzza-mae-show-defeats-oh-my-g-pilot-week-flordeliza-and-nasaan-ka-nang-kailangan-kita-post-weak-pilot-ratings/1/10,
Morning,AGB Nielsen,1/23/2015,GMA Network,Hunter x Hunter,11.2,http://www.pep.ph/guide/agb/15460/agb-nielsen-mega-manila-household-ratings-jan-17-23-2015-the-ryzza-mae-show-defeats-oh-my-g-pilot-week-flordeliza-and-nasaan-ka-nang-kailangan-kita-post-weak-pilot-ratings/1/10,
Morning,AGB Nielsen,1/23/2015,GMA Network,Slam Dunk,10.7,http://www.pep.ph/guide/agb/15460/agb-nielsen-mega-manila-household-ratings-jan-17-23-2015-the-ryzza-mae-show-defeats-oh-my-g-pilot-week-flordeliza-and-nasaan-ka-nang-kailangan-kita-post-weak-pilot-ratings/1/10,
Morning,AGB Nielsen,1/24/2015,TV5,Stitch!,1,http://www.pep.ph/guide/agb/15975/agb-nielsen-mega-manila-household-ratings-january-24-28-2015-dingdong-and-marian-the-wedding-celebration-tops-weekend-ratings,
Morning,AGB Nielsen,1/24/2015,GMA Network,Monsuno,6.4,http://www.pep.ph/guide/agb/15975/agb-nielsen-mega-manila-household-ratings-january-24-28-2015-dingdong-and-marian-the-wedding-celebration-tops-weekend-ratings,
Morning,AGB Nielsen,1/24/2015,TV5,Magical Do Re Mi,3.5,http://www.pep.ph/guide/agb/15975/agb-nielsen-mega-manila-household-ratings-january-24-28-2015-dingdong-and-marian-the-wedding-celebration-tops-weekend-ratings,
Morning,AGB Nielsen,1/24/2015,TV5,Sword Art Online,3.7,http://www.pep.ph/guide/agb/15975/agb-nielsen-mega-manila-household-ratings-january-24-28-2015-dingdong-and-marian-the-wedding-celebration-tops-weekend-ratings,
Morning,AGB Nielsen,1/24/2015,TV5,Fushigi Yuugi,3.7,http://www.pep.ph/guide/agb/15975/agb-nielsen-mega-manila-household-ratings-january-24-28-2015-dingdong-and-marian-the-wedding-celebration-tops-weekend-ratings,
Morning,AGB Nielsen,1/24/2015,TV5,Street Fighter II,3.7,http://www.pep.ph/guide/agb/15975/agb-nielsen-mega-manila-household-ratings-january-24-28-2015-dingdong-and-marian-the-wedding-celebration-tops-weekend-ratings,
Morning,AGB Nielsen,1/25/2015,GMA Network,Grimm's Fairy Tales,4.9,http://www.pep.ph/guide/agb/15975/agb-nielsen-mega-manila-household-ratings-january-24-28-2015-dingdong-and-marian-the-wedding-celebration-tops-weekend-ratings/1/2,
Morning,AGB Nielsen,1/25/2015,GMA Network,Monsuno,5.8,http://www.pep.ph/guide/agb/15975/agb-nielsen-mega-manila-household-ratings-january-24-28-2015-dingdong-and-marian-the-wedding-celebration-tops-weekend-ratings/1/2,
Morning,AGB Nielsen,1/25/2015,TV5,Sword Art Online,2.4,http://www.pep.ph/guide/agb/15975/agb-nielsen-mega-manila-household-ratings-january-24-28-2015-dingdong-and-marian-the-wedding-celebration-tops-weekend-ratings/1/2,
Morning,AGB Nielsen,1/25/2015,TV5,Fushigi Yuugi,2.1,http://www.pep.ph/guide/agb/15975/agb-nielsen-mega-manila-household-ratings-january-24-28-2015-dingdong-and-marian-the-wedding-celebration-tops-weekend-ratings/1/3,
Morning,AGB Nielsen,1/25/2015,TV5,Street Fighter II,2.7,http://www.pep.ph/guide/agb/15975/agb-nielsen-mega-manila-household-ratings-january-24-28-2015-dingdong-and-marian-the-wedding-celebration-tops-weekend-ratings/1/3,
Morning,AGB Nielsen,1/26/2015,GMA Network,Dragon Ball,4.9,http://www.pep.ph/guide/agb/15975/agb-nielsen-mega-manila-household-ratings-january-24-28-2015-dingdong-and-marian-the-wedding-celebration-tops-weekend-ratings/1/4,
Morning,AGB Nielsen,1/26/2015,GMA Network,Pokemon,6,http://www.pep.ph/guide/agb/15975/agb-nielsen-mega-manila-household-ratings-january-24-28-2015-dingdong-and-marian-the-wedding-celebration-tops-weekend-ratings/1/4,
Morning,AGB Nielsen,1/26/2015,GMA Network,One Piece,8.7,http://www.pep.ph/guide/agb/15975/agb-nielsen-mega-manila-household-ratings-january-24-28-2015-dingdong-and-marian-the-wedding-celebration-tops-weekend-ratings/1/4,
Morning,AGB Nielsen,1/26/2015,GMA Network,Detective Conan,8.3,http://www.pep.ph/guide/agb/15975/agb-nielsen-mega-manila-household-ratings-january-24-28-2015-dingdong-and-marian-the-wedding-celebration-tops-weekend-ratings/1/4,
Morning,AGB Nielsen,1/26/2015,GMA Network,Bleach,8.1,http://www.pep.ph/guide/agb/15975/agb-nielsen-mega-manila-household-ratings-january-24-28-2015-dingdong-and-marian-the-wedding-celebration-tops-weekend-ratings/1/4,
Morning,AGB Nielsen,1/26/2015,ABS-CBN,A Dog of Flanders,3,http://www.pep.ph/guide/agb/15975/agb-nielsen-mega-manila-household-ratings-january-24-28-2015-dingdong-and-marian-the-wedding-celebration-tops-weekend-ratings/1/4,
Morning,AGB Nielsen,1/26/2015,ABS-CBN,Cedie,3.8,http://www.pep.ph/guide/agb/15975/agb-nielsen-mega-manila-household-ratings-january-24-28-2015-dingdong-and-marian-the-wedding-celebration-tops-weekend-ratings/1/4,
Morning,AGB Nielsen,1/26/2015,TV5,Rockman Exe Axess,2.1,http://www.pep.ph/guide/agb/15975/agb-nielsen-mega-manila-household-ratings-january-24-28-2015-dingdong-and-marian-the-wedding-celebration-tops-weekend-ratings/1/4,
Morning,AGB Nielsen,1/26/2015,GMA Network,Fairy Tail,10,http://www.pep.ph/guide/agb/15975/agb-nielsen-mega-manila-household-ratings-january-24-28-2015-dingdong-and-marian-the-wedding-celebration-tops-weekend-ratings/1/4,
Morning,AGB Nielsen,1/26/2015,GMA Network,Knock Out,9.7,http://www.pep.ph/guide/agb/15975/agb-nielsen-mega-manila-household-ratings-january-24-28-2015-dingdong-and-marian-the-wedding-celebration-tops-weekend-ratings/1/4,
Morning,AGB Nielsen,1/26/2015,GMA Network,Slam Dunk,10.1,http://www.pep.ph/guide/agb/15975/agb-nielsen-mega-manila-household-ratings-january-24-28-2015-dingdong-and-marian-the-wedding-celebration-tops-weekend-ratings/1/4,
Morning,AGB Nielsen,1/27/2015,GMA Network,Dragon Ball,4.9,http://www.pep.ph/guide/agb/15975/agb-nielsen-mega-manila-household-ratings-january-24-28-2015-dingdong-and-marian-the-wedding-celebration-tops-weekend-ratings/1/5,
Morning,AGB Nielsen,1/27/2015,GMA Network,Pokemon,6.2,http://www.pep.ph/guide/agb/15975/agb-nielsen-mega-manila-household-ratings-january-24-28-2015-dingdong-and-marian-the-wedding-celebration-tops-weekend-ratings/1/5,
Morning,AGB Nielsen,1/27/2015,GMA Network,One Piece,9.3,http://www.pep.ph/guide/agb/15975/agb-nielsen-mega-manila-household-ratings-january-24-28-2015-dingdong-and-marian-the-wedding-celebration-tops-weekend-ratings/1/5,
Morning,AGB Nielsen,1/27/2015,GMA Network,Detective Conan,7.8,http://www.pep.ph/guide/agb/15975/agb-nielsen-mega-manila-household-ratings-january-24-28-2015-dingdong-and-marian-the-wedding-celebration-tops-weekend-ratings/1/5,
Morning,AGB Nielsen,1/27/2015,GMA Network,Bleach,9.7,http://www.pep.ph/guide/agb/15975/agb-nielsen-mega-manila-household-ratings-january-24-28-2015-dingdong-and-marian-the-wedding-celebration-tops-weekend-ratings/1/5,
Morning,AGB Nielsen,1/27/2015,ABS-CBN,A Dog of Flanders,3.7,http://www.pep.ph/guide/agb/15975/agb-nielsen-mega-manila-household-ratings-january-24-28-2015-dingdong-and-marian-the-wedding-celebration-tops-weekend-ratings/1/5,
Morning,AGB Nielsen,1/27/2015,ABS-CBN,Cedie,4,http://www.pep.ph/guide/agb/15975/agb-nielsen-mega-manila-household-ratings-january-24-28-2015-dingdong-and-marian-the-wedding-celebration-tops-weekend-ratings/1/5,
Morning,AGB Nielsen,1/27/2015,TV5,Rockman Exe Axess,1.5,http://www.pep.ph/guide/agb/15975/agb-nielsen-mega-manila-household-ratings-january-24-28-2015-dingdong-and-marian-the-wedding-celebration-tops-weekend-ratings/1/5,
Morning,AGB Nielsen,1/27/2015,GMA Network,Fairy Tail,10.4,http://www.pep.ph/guide/agb/15975/agb-nielsen-mega-manila-household-ratings-january-24-28-2015-dingdong-and-marian-the-wedding-celebration-tops-weekend-ratings/1/5,
Morning,AGB Nielsen,1/27/2015,GMA Network,Knock Out,10.7,http://www.pep.ph/guide/agb/15975/agb-nielsen-mega-manila-household-ratings-january-24-28-2015-dingdong-and-marian-the-wedding-celebration-tops-weekend-ratings/1/6,
Morning,AGB Nielsen,1/27/2015,GMA Network,Slam Dunk,10.1,http://www.pep.ph/guide/agb/15975/agb-nielsen-mega-manila-household-ratings-january-24-28-2015-dingdong-and-marian-the-wedding-celebration-tops-weekend-ratings/1/6,
Morning,AGB Nielsen,1/28/2015,GMA Network,Dragon Ball,4.9,http://www.pep.ph/guide/agb/15975/agb-nielsen-mega-manila-household-ratings-january-24-28-2015-dingdong-and-marian-the-wedding-celebration-tops-weekend-ratings/1/7,
Morning,AGB Nielsen,1/28/2015,GMA Network,Pokemon,5.7,http://www.pep.ph/guide/agb/15975/agb-nielsen-mega-manila-household-ratings-january-24-28-2015-dingdong-and-marian-the-wedding-celebration-tops-weekend-ratings/1/7,
Morning,AGB Nielsen,1/28/2015,GMA Network,One Piece,9.1,http://www.pep.ph/guide/agb/15975/agb-nielsen-mega-manila-household-ratings-january-24-28-2015-dingdong-and-marian-the-wedding-celebration-tops-weekend-ratings/1/7,
Morning,AGB Nielsen,1/28/2015,GMA Network,Detective Conan,9,http://www.pep.ph/guide/agb/15975/agb-nielsen-mega-manila-household-ratings-january-24-28-2015-dingdong-and-marian-the-wedding-celebration-tops-weekend-ratings/1/7,
Morning,AGB Nielsen,1/28/2015,GMA Network,Bleach,10,http://www.pep.ph/guide/agb/15975/agb-nielsen-mega-manila-household-ratings-january-24-28-2015-dingdong-and-marian-the-wedding-celebration-tops-weekend-ratings/1/7,
Morning,AGB Nielsen,1/28/2015,ABS-CBN,A Dog of Flanders,3.4,http://www.pep.ph/guide/agb/15975/agb-nielsen-mega-manila-household-ratings-january-24-28-2015-dingdong-and-marian-the-wedding-celebration-tops-weekend-ratings/1/7,
Morning,AGB Nielsen,1/28/2015,ABS-CBN,Cedie,3.9,http://www.pep.ph/guide/agb/15975/agb-nielsen-mega-manila-household-ratings-january-24-28-2015-dingdong-and-marian-the-wedding-celebration-tops-weekend-ratings/1/7,
Morning,AGB Nielsen,1/28/2015,TV5,Rockman Exe Axess,1.6,http://www.pep.ph/guide/agb/15975/agb-nielsen-mega-manila-household-ratings-january-24-28-2015-dingdong-and-marian-the-wedding-celebration-tops-weekend-ratings/1/7,
Morning,AGB Nielsen,1/28/2015,GMA Network,Fairy Tail,11.9,http://www.pep.ph/guide/agb/15975/agb-nielsen-mega-manila-household-ratings-january-24-28-2015-dingdong-and-marian-the-wedding-celebration-tops-weekend-ratings/1/7,
Morning,AGB Nielsen,1/28/2015,GMA Network,Knock Out,10.8,http://www.pep.ph/guide/agb/15975/agb-nielsen-mega-manila-household-ratings-january-24-28-2015-dingdong-and-marian-the-wedding-celebration-tops-weekend-ratings/1/7,
Morning,AGB Nielsen,1/28/2015,GMA Network,Slam Dunk,11.6,http://www.pep.ph/guide/agb/15975/agb-nielsen-mega-manila-household-ratings-january-24-28-2015-dingdong-and-marian-the-wedding-celebration-tops-weekend-ratings/1/7,
Morning,AGB Nielsen,1/29/2015,GMA Network,Dragon Ball,5.4,http://www.pep.ph/guide/agb/15942/agb-nielsen-mega-manila-household-ratings-january-29-february-1-2015-sunday-all-stars-gets-higher-rating-than-asap/1/1,
Morning,AGB Nielsen,1/29/2015,GMA Network,Pokemon,6.5,http://www.pep.ph/guide/agb/15942/agb-nielsen-mega-manila-household-ratings-january-29-february-1-2015-sunday-all-stars-gets-higher-rating-than-asap/1/1,
Morning,AGB Nielsen,1/29/2015,GMA Network,One Piece,9.7,http://www.pep.ph/guide/agb/15942/agb-nielsen-mega-manila-household-ratings-january-29-february-1-2015-sunday-all-stars-gets-higher-rating-than-asap/1/1,
Morning,AGB Nielsen,1/29/2015,GMA Network,Detective Conan,8.8,http://www.pep.ph/guide/agb/15942/agb-nielsen-mega-manila-household-ratings-january-29-february-1-2015-sunday-all-stars-gets-higher-rating-than-asap/1/1,
Morning,AGB Nielsen,1/29/2015,GMA Network,Bleach,9.7,http://www.pep.ph/guide/agb/15942/agb-nielsen-mega-manila-household-ratings-january-29-february-1-2015-sunday-all-stars-gets-higher-rating-than-asap/1/5,
Morning,AGB Nielsen,1/29/2015,ABS-CBN,A Dog of Flanders,3.8,http://www.pep.ph/guide/agb/15942/agb-nielsen-mega-manila-household-ratings-january-29-february-1-2015-sunday-all-stars-gets-higher-rating-than-asap/1/6,
Morning,AGB Nielsen,1/29/2015,ABS-CBN,Cedie,4,http://www.pep.ph/guide/agb/15942/agb-nielsen-mega-manila-household-ratings-january-29-february-1-2015-sunday-all-stars-gets-higher-rating-than-asap/1/7,
Morning,AGB Nielsen,1/29/2015,TV5,Rockman Exe Axess,1.7,http://www.pep.ph/guide/agb/15942/agb-nielsen-mega-manila-household-ratings-january-29-february-1-2015-sunday-all-stars-gets-higher-rating-than-asap/1/8,
Morning,AGB Nielsen,1/29/2015,GMA Network,Fairy Tail,10.8,http://www.pep.ph/guide/agb/15942/agb-nielsen-mega-manila-household-ratings-january-29-february-1-2015-sunday-all-stars-gets-higher-rating-than-asap/1/1,
Morning,AGB Nielsen,1/29/2015,GMA Network,Knock Out,10.1,http://www.pep.ph/guide/agb/15942/agb-nielsen-mega-manila-household-ratings-january-29-february-1-2015-sunday-all-stars-gets-higher-rating-than-asap/1/1,
Morning,AGB Nielsen,1/29/2015,GMA Network,Slam Dunk,10.3,http://www.pep.ph/guide/agb/15942/agb-nielsen-mega-manila-household-ratings-january-29-february-1-2015-sunday-all-stars-gets-higher-rating-than-asap/1/1,
Morning,AGB Nielsen,1/30/2015,GMA Network,Dragon Ball,4.2,http://www.pep.ph/guide/agb/15942/agb-nielsen-mega-manila-household-ratings-january-29-february-1-2015-sunday-all-stars-gets-higher-rating-than-asap/1/1,
Morning,AGB Nielsen,1/30/2015,GMA Network,Pokemon,6,http://www.pep.ph/guide/agb/15942/agb-nielsen-mega-manila-household-ratings-january-29-february-1-2015-sunday-all-stars-gets-higher-rating-than-asap/1/3,
Morning,AGB Nielsen,1/30/2015,GMA Network,One Piece,9.9,http://www.pep.ph/guide/agb/15942/agb-nielsen-mega-manila-household-ratings-january-29-february-1-2015-sunday-all-stars-gets-higher-rating-than-asap/1/3,
Morning,AGB Nielsen,1/30/2015,GMA Network,Detective Conan,9,http://www.pep.ph/guide/agb/15942/agb-nielsen-mega-manila-household-ratings-january-29-february-1-2015-sunday-all-stars-gets-higher-rating-than-asap/1/3,
Morning,AGB Nielsen,1/30/2015,GMA Network,Bleach,10.7,http://www.pep.ph/guide/agb/15942/agb-nielsen-mega-manila-household-ratings-january-29-february-1-2015-sunday-all-stars-gets-higher-rating-than-asap/1/3,
Morning,AGB Nielsen,1/30/2015,TV5,Rockman Exe Axess,2.2,http://www.pep.ph/guide/agb/15942/agb-nielsen-mega-manila-household-ratings-january-29-february-1-2015-sunday-all-stars-gets-higher-rating-than-asap/1/3,
Morning,AGB Nielsen,1/30/2015,GMA Network,Fairy Tail,11.7,http://www.pep.ph/guide/agb/15942/agb-nielsen-mega-manila-household-ratings-january-29-february-1-2015-sunday-all-stars-gets-higher-rating-than-asap/1/3,
Morning,AGB Nielsen,1/30/2015,GMA Network,Knock Out,11.9,http://www.pep.ph/guide/agb/15942/agb-nielsen-mega-manila-household-ratings-january-29-february-1-2015-sunday-all-stars-gets-higher-rating-than-asap/1/3,
Morning,AGB Nielsen,1/31/2015,TV5,Stitch!,1,http://www.pep.ph/guide/agb/15942/agb-nielsen-mega-manila-household-ratings-january-29-february-1-2015-sunday-all-stars-gets-higher-rating-than-asap/1/4,
Morning,AGB Nielsen,1/31/2015,GMA Network,Monsuno,6.1,http://www.pep.ph/guide/agb/15942/agb-nielsen-mega-manila-household-ratings-january-29-february-1-2015-sunday-all-stars-gets-higher-rating-than-asap/1/5,
Morning,AGB Nielsen,1/31/2015,TV5,Magical Do Re Mi,3.1,http://www.pep.ph/guide/agb/15942/agb-nielsen-mega-manila-household-ratings-january-29-february-1-2015-sunday-all-stars-gets-higher-rating-than-asap/1/5,
Morning,AGB Nielsen,1/31/2015,TV5,Sword Art Online,2.9,http://www.pep.ph/guide/agb/15942/agb-nielsen-mega-manila-household-ratings-january-29-february-1-2015-sunday-all-stars-gets-higher-rating-than-asap/1/5,
Morning,AGB Nielsen,1/31/2015,TV5,Fushigi Yuugi,3.7,http://www.pep.ph/guide/agb/15942/agb-nielsen-mega-manila-household-ratings-january-29-february-1-2015-sunday-all-stars-gets-higher-rating-than-asap/1/5,
Morning,AGB Nielsen,1/31/2015,TV5,Street Fighter II,3.6,http://www.pep.ph/guide/agb/15942/agb-nielsen-mega-manila-household-ratings-january-29-february-1-2015-sunday-all-stars-gets-higher-rating-than-asap/1/5,
Morning,AGB Nielsen,2/1/2015,GMA Network,Grimm's Fairy Tales,4.4,http://www.pep.ph/guide/agb/15942/agb-nielsen-mega-manila-household-ratings-january-29-february-1-2015-sunday-all-stars-gets-higher-rating-than-asap/1/6,
Morning,AGB Nielsen,2/1/2015,GMA Network,Monsuno,7,http://www.pep.ph/guide/agb/15942/agb-nielsen-mega-manila-household-ratings-january-29-february-1-2015-sunday-all-stars-gets-higher-rating-than-asap/1/6,
Morning,AGB Nielsen,2/1/2015,TV5,Sword Art Online,2.6,http://www.pep.ph/guide/agb/15942/agb-nielsen-mega-manila-household-ratings-january-29-february-1-2015-sunday-all-stars-gets-higher-rating-than-asap/1/6,
Morning,AGB Nielsen,2/1/2015,TV5,Fushigi Yuugi,2.6,http://www.pep.ph/guide/agb/15942/agb-nielsen-mega-manila-household-ratings-january-29-february-1-2015-sunday-all-stars-gets-higher-rating-than-asap/1/6,
Morning,AGB Nielsen,2/1/2015,TV5,Street Fighter II,2.3,http://www.pep.ph/guide/agb/15942/agb-nielsen-mega-manila-household-ratings-january-29-february-1-2015-sunday-all-stars-gets-higher-rating-than-asap/1/6,
